humidity,temperature,rainfall,wind_speed,disaster_type
25,30.05,194.5,3.34,flood
16,20.64,76.1,26.33,earthquake
25,22.99,0.28,2.59,earthquake
88,44.49,188.87,16.34,flood
77,31.48,51.97,10.26,flood
93,28.08,47.09,28.04,earthquake
52,38.26,113.17,29.44,earthquake
64,38.76,120.8,15.7,flood
27,32.42,148.2,27.26,flood
88,40.96,71.44,19.59,fire
69,27.65,26.46,2.88,fire
63,20.38,174.93,25.98,flood
43,33.92,6.83,29.67,earthquake
65,34.06,110.0,17.73,flood
29,44.22,61.0,5.77,fire
93,24.1,175.15,26.16,flood
30,38.24,66.31,26.77,fire
95,30.38,110.54,21.9,flood
11,37.81,173.73,4.1,flood
76,35.26,94.64,21.8,flood
39,27.72,25.23,22.1,flood
68,31.67,103.13,21.26,flood
73,28.73,96.47,14.5,flood
60,29.52,6.94,10.35,flood
45,44.67,148.51,27.95,earthquake
16,43.03,144.6,24.9,fire
38,20.71,27.32,8.45,earthquake
58,33.03,89.32,15.44,flood
33,28.9,25.45,16.91,earthquake
40,29.29,128.17,18.1,earthquake
31,40.11,63.36,19.77,earthquake
89,20.01,31.22,2.51,fire
60,38.3,75.56,18.61,fire
73,40.02,156.04,6.32,flood
52,26.35,187.22,7.71,flood
65,37.25,104.5,14.93,flood
24,32.64,185.92,2.41,flood
93,29.93,21.69,2.71,fire
46,43.15,121.15,10.1,fire
19,44.0,144.14,16.19,fire
27,22.83,86.94,19.32,earthquake
39,30.37,180.05,19.67,earthquake
61,41.75,158.94,24.62,flood
75,40.15,36.07,7.55,fire
15,41.78,45.6,0.45,fire
86,37.1,191.69,3.58,flood
98,28.0,29.94,14.73,fire
94,44.18,9.3,23.32,earthquake
90,38.97,37.13,11.97,fire
24,31.13,32.28,4.23,fire
32,21.74,105.38,2.85,flood
33,30.99,146.0,27.49,fire
62,43.6,134.86,20.79,flood
16,36.11,73.31,6.32,flood
52,24.51,92.63,29.95,earthquake
40,22.17,104.24,24.79,flood
58,35.17,192.95,1.94,earthquake
95,43.01,43.62,5.01,flood
39,32.16,131.91,11.99,earthquake
34,28.77,174.64,27.82,flood
49,21.25,67.71,29.36,earthquake
12,23.45,110.59,24.01,fire
94,36.98,93.86,23.13,flood
43,20.61,111.1,2.62,fire
96,40.16,82.32,1.73,flood
12,35.6,137.44,26.21,earthquake
71,38.36,14.21,4.98,fire
33,25.61,124.19,0.85,flood
16,29.26,7.08,4.95,earthquake
90,36.92,70.37,8.66,earthquake
91,40.69,106.61,17.53,flood
94,33.86,33.62,23.03,earthquake
85,24.55,127.92,6.83,flood
68,25.27,113.37,0.47,flood
66,22.9,142.47,0.36,flood
26,43.08,96.21,27.82,fire
85,36.2,63.84,16.07,flood
72,28.96,197.67,4.97,flood
83,34.19,94.65,23.67,flood
87,39.28,165.08,13.11,flood
24,33.87,32.96,21.91,flood
42,20.01,140.03,16.23,earthquake
86,39.58,192.54,24.69,flood
48,20.54,96.04,1.28,flood
68,42.94,196.38,17.17,flood
62,43.62,68.45,1.47,flood
47,44.04,124.73,13.57,earthquake
44,28.08,131.55,8.36,flood
30,26.72,24.66,9.09,earthquake
90,22.31,171.4,15.03,flood
43,31.13,81.86,27.43,flood
99,30.47,199.71,3.62,flood
54,23.69,135.86,21.53,fire
52,28.22,28.12,8.18,fire
68,42.73,104.77,8.26,flood
62,43.08,108.12,15.85,flood
40,22.06,58.14,7.41,fire
39,30.42,172.31,10.37,fire
46,38.53,17.84,8.86,flood
57,30.7,134.1,22.73,flood
81,39.95,104.56,3.24,flood
40,24.94,23.51,6.94,fire
89,39.21,143.36,14.69,flood
34,30.72,18.13,23.77,flood
50,28.36,65.77,15.94,fire
65,28.06,126.66,3.07,flood
77,30.81,183.05,13.04,flood
83,38.18,155.07,11.71,flood
97,44.39,54.83,7.67,fire
48,33.19,174.39,25.89,earthquake
60,36.13,138.53,28.28,flood
54,29.33,147.93,11.19,earthquake
27,42.36,91.36,18.45,fire
90,39.26,145.7,0.62,flood
53,32.7,187.27,17.67,fire
63,37.73,12.37,24.85,flood
10,43.05,7.02,28.32,fire
57,21.33,111.71,6.03,flood
41,43.54,113.05,23.79,earthquake
30,42.62,127.1,7.83,fire
29,23.3,44.22,9.58,flood
83,39.41,55.37,16.29,fire
13,42.14,71.23,21.39,fire
60,21.05,162.62,28.78,fire
99,38.14,62.35,29.28,earthquake
97,22.31,57.36,24.56,fire
62,27.33,188.35,7.96,flood
73,33.42,50.59,6.6,fire
26,36.42,45.43,15.69,flood
84,29.33,49.62,21.69,fire
28,23.18,39.35,26.58,earthquake
62,41.68,84.71,18.51,flood
35,42.79,96.31,23.74,fire
51,42.24,92.14,14.3,earthquake
34,29.87,51.2,18.84,flood
23,22.38,67.33,5.39,earthquake
29,33.46,197.21,24.23,flood
13,20.06,84.93,25.71,flood
69,23.46,154.34,21.49,flood
90,24.19,47.79,24.37,flood
54,36.66,5.35,28.71,earthquake
67,41.26,39.98,6.66,fire
89,31.57,138.34,2.89,flood
45,28.79,83.27,2.24,flood
58,26.81,115.14,10.32,fire
89,20.5,112.56,5.25,flood
35,39.99,120.77,28.02,flood
93,37.45,146.66,17.7,flood
49,40.23,176.9,8.38,fire
43,29.1,125.76,29.66,flood
59,23.31,7.02,28.33,flood
25,36.68,68.34,9.03,flood
23,26.01,171.97,18.94,flood
89,43.43,99.55,9.68,flood
24,42.48,79.36,7.8,fire
62,23.77,38.98,0.88,fire
31,21.19,72.4,11.18,earthquake
99,25.43,119.69,19.82,flood
81,23.26,40.31,25.6,fire
35,35.87,131.94,10.53,fire
39,33.91,128.02,13.49,fire
10,23.21,70.79,17.69,earthquake
34,42.37,62.78,3.04,earthquake
78,28.19,136.4,17.13,flood
78,31.02,156.55,11.56,flood
36,30.18,90.72,20.39,fire
99,37.81,162.16,10.71,flood
73,39.17,61.09,14.67,fire
40,34.21,158.44,18.13,fire
97,24.03,65.25,4.22,flood
30,31.66,60.28,23.39,flood
57,42.69,91.15,11.99,flood
68,22.05,180.55,9.44,flood
25,23.37,11.11,9.29,fire
38,41.44,43.46,22.79,fire
28,32.43,187.41,19.4,earthquake
60,35.48,146.93,18.64,earthquake
66,35.22,74.1,4.94,fire
74,26.48,154.82,1.12,flood
70,20.82,123.79,23.61,flood
93,25.94,70.57,16.07,flood
15,24.1,127.28,8.81,fire
65,33.31,52.41,8.54,flood
70,20.11,113.66,24.99,flood
90,38.75,116.09,22.28,flood
91,31.45,110.5,20.56,flood
50,31.16,154.69,26.55,earthquake
74,27.68,163.62,28.61,flood
78,31.91,137.99,22.49,flood
56,24.4,104.35,13.38,flood
83,28.95,72.51,3.23,fire
61,41.54,181.25,10.09,flood
50,21.44,54.28,8.11,flood
51,22.74,154.75,9.8,earthquake
53,26.51,148.63,28.59,fire
47,28.18,191.92,5.75,fire
29,37.34,158.11,8.85,flood
34,22.33,100.32,22.44,earthquake
25,41.33,146.32,20.16,fire
14,33.65,86.07,0.07,earthquake
72,29.26,193.85,10.74,flood
65,34.55,65.83,18.67,flood
62,25.76,102.17,24.77,flood
48,25.0,34.88,24.99,earthquake
75,26.97,12.92,20.02,flood
67,23.82,193.76,4.4,flood
37,32.47,64.84,24.51,earthquake
47,44.67,187.91,24.07,earthquake
53,33.56,160.98,23.84,flood
91,30.38,15.08,26.57,flood
21,39.02,40.33,4.89,fire
86,42.96,90.33,8.49,flood
32,31.09,104.88,14.68,fire
78,25.62,100.91,14.4,flood
32,37.87,18.28,25.04,flood
17,27.29,84.12,11.77,fire
19,27.98,80.31,27.23,earthquake
58,28.62,143.13,5.67,earthquake
85,38.8,14.55,26.48,fire
58,29.79,103.56,13.83,earthquake
49,26.06,81.08,20.14,fire
70,33.63,18.76,6.51,earthquake
94,25.51,124.7,3.09,flood
80,22.63,154.86,15.55,flood
72,22.81,51.7,7.45,flood
18,23.2,191.6,29.37,earthquake
41,30.91,41.51,3.86,fire
34,21.3,173.2,25.12,fire
76,23.9,122.23,19.17,flood
13,27.23,135.4,7.75,fire
98,32.8,51.61,15.29,fire
25,35.79,105.13,8.61,fire
35,27.94,69.29,15.6,flood
91,39.48,56.24,6.94,flood
44,37.65,131.19,19.25,fire
52,40.74,69.03,12.55,flood
93,25.17,76.62,10.28,earthquake
22,29.53,49.95,5.0,earthquake
94,25.44,98.88,19.68,flood
41,43.82,193.61,22.74,earthquake
25,35.2,182.65,0.91,fire
21,44.97,191.6,6.71,fire
39,42.39,157.66,16.24,flood
37,23.96,67.57,19.15,fire
85,31.59,128.15,15.26,flood
86,21.89,129.76,16.71,flood
98,23.14,169.31,22.48,flood
16,43.18,196.57,18.52,fire
11,26.21,124.71,10.44,fire
94,31.6,70.19,27.83,fire
43,22.13,150.43,22.58,fire
71,30.46,132.85,25.96,flood
78,34.86,183.46,3.08,flood
98,31.02,124.95,15.18,flood
73,38.59,134.71,15.84,flood
34,25.31,108.34,14.38,flood
30,41.98,110.25,5.19,fire
55,32.19,141.04,27.13,earthquake
16,43.86,178.35,6.02,fire
54,24.71,150.45,10.76,fire
70,44.85,180.09,9.22,flood
95,24.44,2.27,20.16,earthquake
40,42.93,181.23,13.77,fire
83,34.47,124.37,7.13,flood
58,39.62,110.23,20.33,earthquake
41,31.44,148.12,9.63,earthquake
86,43.09,186.32,27.05,flood
53,32.52,144.43,19.31,earthquake
14,39.1,39.61,3.42,fire
62,38.11,150.12,0.22,flood
59,39.45,104.52,2.73,flood
40,30.32,182.31,17.29,earthquake
19,33.84,80.71,20.72,earthquake
72,28.17,122.55,17.39,flood
56,29.02,141.43,6.85,earthquake
73,44.33,25.26,4.86,fire
71,25.41,198.58,15.12,flood
56,40.36,154.41,0.27,fire
18,35.66,183.48,1.23,flood
49,22.68,173.18,13.87,earthquake
15,24.6,89.43,29.44,flood
40,39.34,83.1,3.66,earthquake
24,41.83,46.94,2.86,fire
79,44.89,155.06,23.44,flood
61,28.27,119.76,0.34,flood
40,41.94,73.89,2.93,fire
53,27.63,49.17,21.17,fire
37,31.48,85.84,25.05,earthquake
93,34.54,52.44,29.47,earthquake
35,43.48,152.56,9.6,flood
94,32.18,47.31,10.37,flood
21,34.13,47.67,20.11,fire
31,42.22,97.55,2.69,earthquake
78,28.57,30.9,18.23,fire
65,42.84,141.19,23.44,flood
96,38.04,91.9,25.46,flood
91,38.91,2.76,5.31,earthquake
93,32.81,64.58,1.69,flood
66,37.9,182.37,22.72,flood
71,31.8,59.11,23.57,flood
