population_density,severity_index,infrastructure_score,risk_score
631,6.55,6.42,medium
926,8.79,9.72,high
581,4.01,6.81,medium
108,2.39,6.75,low
396,5.28,1.57,medium
466,2.31,3.37,low
491,4.7,3.58,medium
809,1.39,1.93,low
960,3.43,8.93,low
859,3.3,4.3,low
982,6.73,9.31,medium
697,6.14,8.71,medium
951,4.01,6.38,medium
451,7.32,7.02,medium
192,6.91,5.77,medium
553,1.03,8.49,low
889,7.71,2.66,high
406,7.86,8.54,medium
907,4.98,6.33,medium
493,4.05,2.08,medium
966,6.3,2.4,medium
267,8.1,2.9,medium
893,6.35,7.9,medium
880,3.21,7.79,low
537,1.73,5.63,low
662,4.97,2.31,medium
185,8.96,1.81,medium
927,1.81,7.65,low
878,5.96,2.76,medium
570,8.58,6.8,medium
357,5.72,5.05,medium
989,5.94,8.05,medium
958,5.98,4.59,medium
743,1.95,3.13,low
775,6.38,7.55,medium
339,5.55,6.74,medium
557,4.62,5.36,medium
650,2.72,3.47,low
182,9.29,8.31,medium
299,1.72,8.0,low
82,2.27,2.39,low
270,4.39,3.72,medium
682,1.38,1.56,low
251,4.3,3.91,medium
117,3.44,7.66,low
855,3.42,9.22,low
499,2.68,6.88,low
909,1.82,7.51,low
181,7.17,7.02,medium
763,7.04,8.55,high
465,9.83,9.32,medium
467,3.51,5.39,low
668,5.94,5.39,medium
321,5.34,4.82,medium
355,6.7,9.59,medium
277,8.84,9.26,medium
730,2.02,2.43,low
101,1.01,5.39,low
600,2.71,4.83,low
225,4.08,2.14,medium
326,2.95,2.86,low
759,1.62,9.06,low
420,6.42,2.06,medium
248,6.03,1.12,medium
116,7.57,7.01,medium
826,1.69,7.33,low
858,2.7,6.98,low
745,4.49,5.9,medium
682,1.44,1.01,low
457,7.39,4.08,medium
562,6.3,1.55,medium
821,5.83,5.97,medium
449,5.85,5.52,medium
760,6.5,1.89,medium
205,3.9,2.71,low
496,5.65,6.88,medium
210,2.92,3.46,low
274,5.02,9.22,medium
238,5.92,7.15,medium
617,9.97,7.63,medium
361,2.19,5.47,low
804,6.15,5.01,medium
469,3.41,1.37,low
328,2.72,1.83,low
505,3.56,2.69,low
814,7.41,8.04,high
713,7.65,4.21,high
314,9.52,4.22,medium
389,9.84,6.28,medium
86,7.82,1.7,medium
398,4.96,2.57,medium
224,5.3,4.89,medium
612,9.91,9.41,medium
536,2.27,4.59,low
61,6.31,4.58,medium
448,6.85,9.9,medium
986,8.02,1.49,high
851,2.27,9.4,low
466,2.02,3.99,low
451,8.6,8.78,medium
399,9.8,1.08,medium
84,3.95,6.09,low
924,5.23,7.45,medium
855,7.06,9.83,high
629,8.61,8.0,medium
822,4.66,2.86,medium
609,9.54,1.94,medium
550,5.26,2.38,medium
406,4.36,2.78,medium
76,8.82,8.61,medium
701,7.48,7.53,high
852,4.71,8.33,medium
58,4.67,1.72,medium
926,6.69,4.89,medium
198,7.97,6.67,medium
460,2.98,7.72,low
589,9.83,9.36,medium
97,8.51,4.16,medium
578,7.6,9.52,medium
327,9.67,9.53,medium
357,7.74,6.35,medium
862,5.79,6.16,medium
663,2.68,7.68,low
170,4.92,6.63,medium
735,5.57,5.52,medium
983,3.94,4.01,low
692,1.35,7.08,low
269,1.62,8.9,low
659,2.78,1.46,low
198,6.88,1.47,medium
905,8.2,6.1,high
490,6.82,1.2,medium
679,3.85,7.29,low
138,5.58,8.92,medium
576,4.05,6.5,medium
625,6.96,7.07,medium
719,2.31,6.3,low
152,9.44,9.84,medium
803,4.41,1.25,medium
340,3.64,5.38,low
742,6.18,9.26,medium
766,6.21,5.08,medium
648,2.75,2.15,low
337,6.86,8.74,medium
628,1.38,8.5,low
691,8.65,1.16,medium
557,3.25,7.24,low
298,6.84,2.98,medium
329,5.36,7.51,medium
466,6.36,2.54,medium
207,8.11,4.71,medium
619,8.4,8.75,medium
500,8.39,1.49,medium
495,6.05,4.58,medium
692,9.01,1.85,medium
70,5.89,9.11,medium
290,9.99,5.64,medium
687,5.46,6.55,medium
119,5.13,6.01,medium
562,4.88,8.53,medium
472,5.25,7.76,medium
314,5.87,5.65,medium
251,6.37,9.99,medium
136,2.12,2.21,low
589,2.0,7.06,low
245,2.02,2.64,low
676,2.97,3.08,low
630,5.13,4.91,medium
120,6.48,1.02,medium
974,1.4,1.73,low
402,3.3,1.81,low
169,4.02,8.54,medium
910,7.27,7.36,high
876,5.55,1.25,medium
245,5.07,4.51,medium
452,7.1,6.84,medium
595,5.04,9.64,medium
843,2.63,5.13,low
285,1.88,8.78,low
795,6.42,8.01,medium
234,9.54,2.28,medium
506,2.68,7.36,low
907,9.78,1.32,high
342,9.49,7.56,medium
122,4.91,2.38,medium
458,7.33,1.62,medium
549,4.02,9.41,medium
734,7.96,2.71,high
928,7.35,6.05,high
116,4.07,8.72,medium
823,7.9,9.81,high
279,8.56,7.69,medium
581,1.88,9.11,low
586,9.78,4.68,medium
621,2.48,6.59,low
951,5.15,3.25,medium
794,7.74,7.67,high
842,1.92,7.16,low
107,8.04,2.33,medium
389,3.24,5.3,low
954,8.74,3.23,high
562,2.89,6.25,low
556,2.84,4.78,low
167,7.49,3.41,medium
400,9.45,3.09,medium
908,9.4,9.42,high
119,2.22,1.44,low
208,2.18,9.29,low
765,3.82,7.02,low
899,6.26,9.31,medium
956,2.07,8.26,low
312,5.17,6.14,medium
853,9.18,3.29,high
950,8.17,8.62,high
85,7.72,2.34,medium
978,4.59,4.44,medium
127,6.3,2.06,medium
79,5.21,1.29,medium
73,1.47,8.83,low
110,2.58,5.5,low
181,9.49,9.98,medium
389,8.98,5.56,medium
748,4.42,4.98,medium
919,5.08,4.35,medium
584,3.03,2.75,low
632,3.98,2.61,low
831,7.21,3.53,high
758,5.05,2.4,medium
809,7.56,1.42,high
920,7.89,7.68,high
767,7.27,9.44,high
101,9.16,6.78,medium
749,5.58,2.94,medium
202,3.0,8.25,low
802,2.06,6.87,low
641,1.47,5.37,low
224,6.83,8.93,medium
931,5.35,9.61,medium
905,2.62,2.99,low
683,8.51,9.14,medium
749,4.97,2.2,medium
627,5.32,5.89,medium
934,6.71,2.78,medium
340,9.46,2.21,medium
215,4.89,1.36,medium
922,8.51,2.36,high
515,7.88,8.8,medium
448,8.36,2.52,medium
445,1.54,6.02,low
145,9.33,8.25,medium
851,4.41,4.71,medium
861,1.44,7.64,low
830,2.2,3.8,low
195,5.33,6.86,medium
692,7.17,6.93,medium
841,2.37,5.36,low
333,9.5,1.17,medium
248,1.9,2.8,low
178,7.76,7.93,medium
246,1.78,6.63,low
862,5.73,7.48,medium
987,3.28,1.36,low
342,1.89,4.91,low
667,9.23,4.55,medium
248,9.47,3.73,medium
304,3.82,5.78,low
749,5.28,7.85,medium
292,8.04,5.67,medium
739,3.28,8.81,low
814,1.3,9.76,low
920,7.26,1.82,high
774,3.75,9.08,low
958,8.31,4.06,high
377,8.51,8.26,medium
956,5.0,3.05,medium
480,5.47,7.1,medium
402,8.47,6.67,medium
950,1.2,5.36,low
842,9.21,3.09,high
60,6.86,2.14,medium
867,3.24,5.12,low
835,1.29,3.82,low
749,6.28,2.77,medium
267,1.8,4.57,low
671,6.69,4.57,medium
433,9.16,9.94,medium
161,8.74,4.55,medium
93,4.06,4.3,medium
439,5.75,8.45,medium
939,5.95,9.38,medium
856,5.15,2.1,medium
853,7.08,3.02,high
916,6.86,9.32,medium
957,4.62,7.63,medium
283,1.48,8.84,low
563,2.39,9.55,low
436,7.77,2.83,medium
325,5.37,7.16,medium
736,3.97,6.14,low
138,1.51,6.04,low
